"Monday, 4 July 2011",4/7/2011,,1/1/2009
"Monday, 5 September 2011",5/9/2011,,19/1/2009
"Thursday, 24 November 2011",24/11/2011,,16/2/2009
"Monday, 26 December 2011",26/12/2011,,10/4/2009
"Monday, 2 January 2012",2/1/2012,,25/5/2009
"Monday, 16 January 2012",16/1/2012,,3/7/2009
"Monday, 20 February 2012",20/2/2012,,7/9/2009
"Friday, 6 April 2012",6/4/2012,,26/11/2009
"Monday, 28 May 2012",28/5/2012,,25/12/2009
"Wednesday, 4 July 2012",4/7/2012,,1/1/2010
"Monday, 3 September 2012",3/9/2012,,18/1/2010
"Monday, 29 October 2012",29/10/2012,,15/2/2010
"Tuesday, 30 October 2012",30/10/2012,,2/4/2010
"Thursday, 22 November 2012",22/11/2012,,31/5/2010
"Tuesday, 25 December 2012",25/12/2012,,5/7/2010
"Tuesday, 1 January 2013",1/1/2013,,6/9/2010
"Monday, 21 January 2013",21/1/2013,,25/11/2010
"Monday, 18 February 2013",18/2/2013,,24/12/2010
"Friday, 29 March 2013",29/3/2013,,17/1/2011
"Monday, 27 May 2013",27/5/2013,,21/2/2011
"Thursday, 4 July 2013",4/7/2013,,22/4/2011
"Monday, 2 September 2013",2/9/2013,,20/5/2011
"Thursday, 28 November 2013",28/11/2013,,
"Wednesday, 25 December 2013",25/12/2013,,
"Wednesday, 1 January 2014",1/1/2014,,
"Monday, 20 January 2014",20/1/2014,,
"Monday, 17 February 2014",17/2/2014,,
"Friday, 18 April 2014",18/4/2014,,
"Monday, 26 May 2014",26/5/2014,,
"Friday, 4 July 2014",4/7/2014,,
"Monday, 1 September 2014",1/9/2014,,
"Thursday, 27 November 2014",27/11/2014,,
"Thursday, 25 December 2014",25/12/2014,,
"Thursday, 1 January 2015",1/1/2015,,
"Monday, 19 January 2015",19/1/2015,,
"Monday, 16 February 2015",16/2/2015,,
"Friday, 3 April 2015",3/4/2015,,
"Monday, 25 May 2015",25/5/2015,,
"Friday, 3 July 2015",3/7/2015,,
"Monday, 7 September 2015",7/9/2015,,
"Thursday, 26 November 2015",26/11/2015,,
"Friday, 25 December 2015",25/12/2015,,
"Friday, 1 January 2016",1/1/2016,,
"Monday, 18 January 2016",18/1/2016,,
"Monday, 15 February 2016",15/2/2016,,
"Friday, 25 March 2016",25/3/2016,,
"Monday, 30 May 2016",30/5/2016,,
"Monday, 4 July 2016",4/7/2016,,
"Monday, 5 September 2016",5/9/2016,,
"Thursday, 24 November 2016",24/11/2016,,
"Sunday, 26 December 2016",26/12/2016,,
"Monday, 2 January 2017",2/1/2017,,
"Monday, 16 January 2017",16/1/2017,,
"Monday, 20 February 2017",20/2/2017,,
"Friday, 14 April 2017",14/4/2017,,
"Monday, 29 May 2017",29/5/2017,,
"Tuesday, 4 July 2017",4/7/2017,,
"Monday, 4 September 2017",4/9/2017,,
"Thursday, 23 November 2017",23/11/2017,,
"Monday, 25 December 2017",25/12/2017,,
"Monday, 1 January 2018",1/1/2018,,
"Monday, 15 January 2018",15/1/2018,,
"Monday, 19 February 2018",19/2/2018,,
"Friday, 30 March 2018",30/3/2018,,
"Monday, 28 May 2018",28/5/2018,,
"Wednesday, 4 July 2018",4/7/2018,,
"Monday, 3 September 2018",3/9/2018,,
"Thursday, 22 November 2018",22/11/2018,,
"Wednesday, 5 December 2018",5/12/2018,,
"Tuesday, 25 December 2018",25/12/2018,,
"Tuesday, 1 January 2019",1/1/2019,,
"Monday, 21 January 2019",21/1/2019,,
"Monday, 18 February 2019",18/2/2019,,
"Friday, 19 April 2019",19/4/2019,,
"Monday, 27 May 2019",27/5/2019,,
"Thursday, 4 July 2019",4/7/2019,,
"Monday, 2 September 2019",2/9/2019,,
"Thursday, 28 November 2019",28/11/2019,,
"Wednesday, 25 December 2019",25/12/2019,,
"Wednesday, 1 January 2020",1/1/2020,,
"Monday, 20 January 2020",20/1/2020,,
"Monday, 17 February 2020",17/2/2020,,
"Friday, 10 April 2020",10/4/2020,,
"Monday, 25 May 2020",25/5/2020,,
"Friday, 3 July 2020",3/7/2020,,
"Monday, 7 September 2020",7/9/2020,,
"Thursday, 26 November 2020",26/11/2020,,
"Friday, 25 December 2020",25/12/2020,,
"Friday, 1 January 2021",1/1/2021,,
"Monday, 18 January 2021",18/1/2021,,
"Thursday, 25 February 2021",15/2/2021,,
"Friday, 2 April 2021",2/4/2021,,
"Monday, 31 May 2021",31/5/2021,,
