"Monday, 4 July 2011"
"Monday, 5 September 2011"
"Thursday, 24 November 2011"
"Monday, 26 December 2011"
"Monday, 2 January 2012"
"Monday, 16 January 2012"
"Monday, 20 February 2012"
"Friday, 6 April 2012"
"Monday, 28 May 2012"
"Wednesday, 4 July 2012"
"Monday, 3 September 2012"
"Monday, 29 October 2012"
"Tuesday, 30 October 2012"
"Thursday, 22 November 2012"
"Tuesday, 25 December 2012"
"Tuesday, 1 January 2013"
"Monday, 21 January 2013"
"Monday, 18 February 2013"
"Friday, 29 March 2013"
"Monday, 27 May 2013"
"Thursday, 4 July 2013"
"Monday, 2 September 2013"
"Thursday, 28 November 2013"
"Wednesday, 25 December 2013"
"Wednesday, 1 January 2014"
"Monday, 20 January 2014"
"Monday, 17 February 2014"
"Friday, 18 April 2014"
"Monday, 26 May 2014"
"Friday, 4 July 2014"
"Monday, 1 September 2014"
"Thursday, 27 November 2014"
"Thursday, 25 December 2014"
"Thursday, 1 January 2015"
"Monday, 19 January 2015"
"Monday, 16 February 2015"
"Friday, 3 April 2015"
"Monday, 25 May 2015"
"Friday, 3 July 2015"
"Monday, 7 September 2015"
"Thursday, 26 November 2015"
"Friday, 25 December 2015"
"Friday, 1 January 2016"
"Monday, 18 January 2016"
"Monday, 15 February 2016"
"Friday, 25 March 2016"
"Monday, 30 May 2016"
"Monday, 4 July 2016"
"Monday, 5 September 2016"
"Thursday, 24 November 2016"
"Sunday, 25 December 2016"
"Monday, 2 January 2017"
"Monday, 16 January 2017"
"Monday, 20 February 2017"
"Friday, 14 April 2017"
"Monday, 29 May 2017"
"Tuesday, 4 July 2017"
"Monday, 4 September 2017"
"Thursday, 23 November 2017"
"Monday, 25 December 2017"
"Monday, 1 January 2018"
"Monday, 15 January 2018"
"Monday, 19 February 2018"
"Friday, 30 March 2018"
"Monday, 28 May 2018"
"Wednesday, 4 July 2018"
"Monday, 3 September 2018"
"Thursday, 22 November 2018"
"Wednesday, 5 December 2018"
"Tuesday, 25 December 2018"
"Tuesday, 1 January 2019"
"Monday, 21 January 2019"
"Monday, 18 February 2019"
"Friday, 19 April 2019"
"Monday, 27 May 2019"
"Thursday, 4 July 2019"
"Monday, 2 September 2019"
"Thursday, 28 November 2019"
"Wednesday, 25 December 2019"
"Wednesday, 1 January 2020"
"Monday, 20 January 2020"
"Monday, 17 February 2020"
"Friday, 10 April 2020"
"Monday, 25 May 2020"
"Friday, 3 July 2020"
"Monday, 7 September 2020"
"Thursday, 26 November 2020"
"Friday, 25 December 2020"
"Friday, 1 January 2021"
"Monday, 18 January 2021"
"Thursday, 25 February 2021"
"Friday, 2 April 2021"
"Monday, 31 May 2021"
